system,category,unit,n,mean,sd,p5,p25,p50,p75,p95
Sc1,Acidification,mol H+ eq,1000,0.6417811727258864,0.05477052877251182,0.5640903139420987,0.601775994482797,0.6357182887965525,0.6768874823431599,0.7404729951377478
Sc1,Climate change,kg CO2 eq,1000,94.38051055231637,18.38332246535072,70.02076623981188,79.97026084969642,91.3281230518787,106.47442522142019,128.0966284171067
Sc1,Climate change (biogenic),kg CO2 eq,1000,0.29032651572101015,0.075644674478382,0.19274060991361072,0.2339348675817724,0.2775556290567369,0.33205431510040895,0.43288141601592955
Sc1,Climate change (fossil),kg CO2 eq,1000,93.80869199650925,18.271283437411753,69.55522851892948,79.45108741959324,90.81590951634445,105.7884335093307,127.28591171410392
Sc1,Climate change (land use),kg CO2 eq,1000,0.2814920400861095,0.09134198376214567,0.14590708121481166,0.22016119858715322,0.2728045368620724,0.33695589136098886,0.4451102687966561
Sc1,Ecotoxicity freshwater,CTUe,1000,1525.8701192446326,205.11660443726703,1218.8742783735038,1382.3360881698177,1504.0069181520362,1652.2960786867588,1885.1097711525483
Sc1,Ecotoxicity freshwater (inorganics),CTUe,1000,1505.0736655865257,204.2693414783649,1201.333185700645,1362.4741438125434,1483.5918231829314,1632.7648625992647,1864.6049429258537
Sc1,Ecotoxicity freshwater (organics),CTUe,1000,20.796453658106945,4.03621835153286,15.416069242817311,17.91122279646104,20.30843797630544,22.798669514229843,28.111412115948692
Sc1,Eutrophication freshwater,kg P eq,1000,0.14913185883109148,0.09422458962843283,0.07824352772167037,0.10166580535561197,0.1299107255344357,0.17121474976327183,0.2778540451757239
Sc1,Eutrophication marine,kg N eq,1000,0.11216522307844838,0.01652651394931951,0.08911159465843627,0.0998403902663042,0.10940470829490193,0.12324986751324345,0.14261414168472378
Sc1,Eutrophication terrestrial,mol N eq,1000,1.079348770705477,0.13435009848471186,0.8880145086523671,0.982758407815589,1.0598773985560248,1.1579821100811531,1.3150584235722544
Sc1,Human toxicity cancer,CTUh,1000,1.1321048627314623e-07,1.2521517214397771e-06,-2.078027320291983e-06,-6.314599991510816e-07,1.3450082417776444e-07,9.540136831620049e-07,2.058529767472559e-06
Sc1,Human toxicity cancer (inorganics),CTUh,1000,9.739795642227362e-08,1.2520544107882942e-06,-2.0954648439351457e-06,-6.477629027583802e-07,1.1868033227057707e-07,9.38253889929421e-07,2.042842686177159e-06
Sc1,Human toxicity cancer (organics),CTUh,1000,1.581252985087263e-08,2.2939425330536513e-09,1.259646040926822e-08,1.4151673415166507e-08,1.55591304818452e-08,1.7271738721569074e-08,1.998320419838741e-08
Sc1,Human toxicity non-cancer,CTUh,1000,8.082228009265836e-06,0.00014813807632320627,-0.0002507897737287498,-7.895686012853256e-05,9.919512902570023e-06,0.00010853714322388239,0.0002365909433270448
Sc1,Human toxicity non-cancer (inorganics),CTUh,1000,8.024964702562645e-06,0.00014813799131282957,-0.0002508491324993285,-7.901440154748401e-05,9.867529638170305e-06,0.00010847231685254472,0.00023652883024300597
Sc1,Human toxicity non-cancer (organics),CTUh,1000,5.72633053765053e-08,5.948942232881637e-09,4.866135296328521e-08,5.27040044888337e-08,5.664284396999182e-08,6.125375843076641e-08,6.747205773444983e-08
Sc1,Ionising radiation (human health),kBq U235 eq,1000,15.94634965657512,18.046033731292667,4.806689329999584,7.185457600233981,10.290605492561053,16.908411627476905,43.99426253275308
Sc1,Land use,dimensionless (pt),1000,464.5710969972506,264.9440989732799,92.75620959221482,311.30891422925987,468.8527836404707,602.4477075742446,869.8266642091281
Sc1,Ozone depletion,kg CFC11 eq,1000,7.1258733218869705e-06,1.3134312547474848e-06,5.2313482786179844e-06,6.095274322382477e-06,6.983482191965859e-06,7.97778337154933e-06,9.480459280773575e-06
Sc1,Particulate matter,disease incidence,1000,3.1801186869814656e-06,6.251804719297905e-07,2.445834693567084e-06,2.763020512128026e-06,3.083377934283102e-06,3.440633690006449e-06,4.2413351923592e-06
Sc1,Photochemical ozone formation (human health),kg NMVOC eq,1000,0.29299723798282223,0.03273535805460626,0.24494935021168532,0.2691533554780025,0.28877511736337946,0.3128576357809885,0.35018380793603476
Sc1,Resource use fossils,MJ (net calorific),1000,1320.9690935438275,264.7824695467877,969.7914852111801,1112.5579401723012,1272.8148717142526,1494.9934072741032,1804.9913222292064
Sc1,Resource use minerals and metals,kg Sb eq,1000,0.018950093206851388,0.0009646957322130121,0.01753302467432851,0.01823418561332201,0.018897629043156054,0.019556709996961998,0.020658107274178744
Sc1,Water use,m3 world eq,1000,43.75783770699731,1524.6479081637713,-2642.2408422462636,-875.2159235373038,171.02334841342963,1070.2486683563275,2287.125495197251
Sc2g,Acidification,mol H+ eq,1000,0.635294745631032,0.051512325601568175,0.5612262019508395,0.5981261865966583,0.6296717139102943,0.6661352511975629,0.7325873434783785
Sc2g,Climate change,kg CO2 eq,1000,92.00624172802522,17.647903515949714,68.97620914351324,78.90203717134567,88.19512164787626,101.94153587509179,127.15400762102674
Sc2g,Climate change (biogenic),kg CO2 eq,1000,0.28272510516705524,0.07269774555174403,0.19251101807516677,0.22810916133570935,0.2684154546770294,0.3223560531400921,0.42577911821013736
Sc2g,Climate change (fossil),kg CO2 eq,1000,91.449420869875,17.534743734517836,68.56206341360127,78.4137176656805,87.6158044055054,101.30278823962291,126.32200240098874
Sc2g,Climate change (land use),kg CO2 eq,1000,0.2740957529831529,0.0914710139631374,0.14324852446154127,0.2156251713304267,0.26404400890046786,0.3223846903001532,0.4444055753319782
Sc2g,Ecotoxicity freshwater,CTUe,1000,1525.5073370709738,215.2410907931384,1214.2580696971288,1373.4562639217431,1501.8280172057537,1652.3499433942222,1927.451411587136
Sc2g,Ecotoxicity freshwater (inorganics),CTUe,1000,1504.888313123733,214.7574633247652,1192.332279479451,1351.6837907201207,1481.8063430347156,1631.9074953514698,1904.2588862606622
Sc2g,Ecotoxicity freshwater (organics),CTUe,1000,20.619023947241043,4.017486994215319,15.472789461373003,17.93095395670369,19.89301159090234,22.58529028893163,27.65613693600011
Sc2g,Eutrophication freshwater,kg P eq,1000,0.14515455190552037,0.07578043396513753,0.07533792254881143,0.1000767635396015,0.1252621497858537,0.1649982348734892,0.2768826096072529
Sc2g,Eutrophication marine,kg N eq,1000,0.10972864524519178,0.015681806020054416,0.08861275316067119,0.09801232684585698,0.10717610406264522,0.11880356744713327,0.13860245656174255
Sc2g,Eutrophication terrestrial,mol N eq,1000,1.0613399270116866,0.12418854490707372,0.8902852932188038,0.9681980360385646,1.0451421435874317,1.1360287909172613,1.2909613731083478
Sc2g,Human toxicity cancer,CTUh,1000,6.487950386884297e-08,1.1708497204209604e-06,-1.9593102421686274e-06,-6.495736845620168e-07,1.225822865189469e-07,8.063150512610851e-07,1.8734888456059308e-06
Sc2g,Human toxicity cancer (inorganics),CTUh,1000,4.9151032963778835e-08,1.1708593729153854e-06,-1.9739800190207313e-06,-6.63502108733309e-07,1.072556203398405e-07,7.901989227282372e-07,1.8593864254787607e-06
Sc2g,Human toxicity cancer (organics),CTUh,1000,1.572847090506415e-08,2.4475366010288553e-09,1.2347267192930663e-08,1.3930386247495515e-08,1.5418741442883757e-08,1.7209462006434202e-08,2.0035670231195736e-08
Sc2g,Human toxicity non-cancer,CTUh,1000,2.221069671201706e-06,0.00013848548781428968,-0.00023916354001408691,-8.369487000718098e-05,7.555621184029781e-06,8.903824571117211e-05,0.0002142659291945215
Sc2g,Human toxicity non-cancer (inorganics),CTUh,1000,2.164329434268245e-06,0.00013848550790264205,-0.00023921673607124087,-8.375070703299976e-05,7.494683082955717e-06,8.897937154560032e-05,0.00021419164786896873
Sc2g,Human toxicity non-cancer (organics),CTUh,1000,5.674023561062638e-08,6.131657072880812e-09,4.84258547007631e-08,5.246714803119886e-08,5.564280653124874e-08,6.030787940502088e-08,6.809076630182961e-08
Sc2g,Ionising radiation (human health),kBq U235 eq,1000,14.755014470741322,14.188304117595644,4.636924038409147,6.920411838205846,10.229167926561539,16.267502672312958,40.19417478444663
Sc2g,Land use,dimensionless (pt),1000,440.28069045622254,248.544915077797,18.35475666151825,310.3959272618917,446.11878890126195,594.7044796059259,807.2321535385672
Sc2g,Ozone depletion,kg CFC11 eq,1000,6.994658137095332e-06,1.2346492042704152e-06,5.2870870929908235e-06,6.100825631554519e-06,6.773458643563709e-06,7.756861023015315e-06,9.345821094251428e-06
Sc2g,Particulate matter,disease incidence,1000,3.166266550320517e-06,6.064946238218168e-07,2.440411058690193e-06,2.739101296369993e-06,3.0643154051129844e-06,3.4318791864440915e-06,4.295203501591048e-06
Sc2g,Photochemical ozone formation (human health),kg NMVOC eq,1000,0.28822855946089154,0.03050387993182217,0.2453656929909294,0.26611689851954584,0.2842383866660009,0.3060802586358089,0.34459596354782285
Sc2g,Resource use fossils,MJ (net calorific),1000,1286.3848943948171,254.97423695422657,954.1032064604257,1098.8442751536934,1232.7287923659385,1432.7310605313892,1780.494351660309
Sc2g,Resource use minerals and metals,kg Sb eq,1000,0.01894308342485736,0.0009771333580363727,0.017411873550717598,0.01825526288977071,0.018930273608196563,0.019552153809772106,0.020639801785051183
Sc2g,Water use,m3 world eq,1000,32.43822074259817,1545.9389364443837,-2683.5812470258193,-827.0747363120381,148.48757442621354,1043.4590509346117,2360.146568400088
Sc2s,Acidification,mol H+ eq,1000,0.05929424274152408,0.00226164218160115,0.05601956438502361,0.05774498255604946,0.05911059150093147,0.060659835138388414,0.06325716322354963
Sc2s,Climate change,kg CO2 eq,1000,4.647597660138824,0.1719551595539092,4.3951239971454825,4.519826298470404,4.62598517016983,4.764926894229125,4.948912000706797
Sc2s,Climate change (biogenic),kg CO2 eq,1000,0.016045411995139754,0.0008699924142003489,0.014656752889262567,0.015422804364545505,0.016019969484017238,0.0166251184281855,0.017508590406195124
Sc2s,Climate change (fossil),kg CO2 eq,1000,4.5716062643155535,0.1690109076402874,4.322944708540721,4.44557478935059,4.551565531121942,4.686750444112978,4.864107425231037
Sc2s,Climate change (land use),kg CO2 eq,1000,0.059945983828130996,0.006433744710179444,0.04964830084233957,0.05559234229945316,0.05967104752523946,0.06403065090100654,0.07075795066422767
Sc2s,Ecotoxicity freshwater,CTUe,1000,129.52029344374648,16.602290398895764,106.23057141465509,117.87608466073013,127.08862775728736,139.56250075819088,159.79081002220764
Sc2s,Ecotoxicity freshwater (inorganics),CTUe,1000,127.44085669640127,16.59737683899146,104.24551787294531,115.7543018566374,125.04956035475288,137.43522425947714,157.26257396840094
Sc2s,Ecotoxicity freshwater (organics),CTUe,1000,2.0794367473452224,0.34780789548212243,1.6507780324805001,1.8510220585372854,2.007035228765485,2.2323695057500834,2.7931434204006096
Sc2s,Eutrophication freshwater,kg P eq,1000,0.006974374863123734,0.0012315858171964196,0.005406985724085066,0.006064442220311,0.006790975458221957,0.007664560138558258,0.009279256470323119
Sc2s,Eutrophication marine,kg N eq,1000,0.007486512585730557,0.000568190481338037,0.006702656964662854,0.0070901590169156915,0.007425851833561099,0.007786790285571549,0.008563242146046236
Sc2s,Eutrophication terrestrial,mol N eq,1000,0.08430043610206307,0.0066559456341651665,0.07480763947255387,0.07963338808414529,0.08359114867077216,0.0881088082543533,0.0955870066463192
Sc2s,Human toxicity cancer,CTUh,1000,7.509539068735103e-09,1.622368025962176e-07,-2.5271765459238754e-07,-9.806438985292171e-08,6.027481211116386e-09,1.1500151195050482e-07,2.826089993895914e-07
Sc2s,Human toxicity cancer (inorganics),CTUh,1000,3.5787545589272778e-09,1.6220250338572452e-07,-2.5634111265727373e-07,-1.0232515233574615e-07,1.7416295813155783e-09,1.1127528757961212e-07,2.793494745181425e-07
Sc2s,Human toxicity cancer (organics),CTUh,1000,3.930784509807829e-09,9.338092940491494e-10,2.6883049629223634e-09,3.286249740171342e-09,3.768035782799804e-09,4.434044957084495e-09,5.658117997828218e-09
Sc2s,Human toxicity non-cancer,CTUh,1000,-1.970361667193563e-07,1.920766914299346e-05,-3.11351624978231e-05,-1.2764936283272651e-05,-3.0297003873806793e-07,1.2146762380591208e-05,3.2584467328460176e-05
Sc2s,Human toxicity non-cancer (inorganics),CTUh,1000,-2.1030426772001643e-07,1.9207692163645973e-05,-3.114764730279916e-05,-1.2778020286125897e-05,-3.1618818596778047e-07,1.2133623526571736e-05,3.257157846271039e-05
Sc2s,Human toxicity non-cancer (organics),CTUh,1000,1.3268100911335381e-08,5.063046807407883e-10,1.2520764350102673e-08,1.2931482766361438e-08,1.3214937202597883e-08,1.3542897757991412e-08,1.4173826125530112e-08
Sc2s,Ionising radiation (human health),kBq U235 eq,1000,0.6194981732947589,0.5180809942566431,0.2708560655555552,0.350791232280272,0.46293466945004624,0.6931100397708432,1.4204919644285845
Sc2s,Land use,dimensionless (pt),1000,24.290452305087143,21.785735070085035,-10.474096003991072,13.534680270963127,24.650890353795265,35.14397800869489,59.35241444172337
Sc2s,Ozone depletion,kg CFC11 eq,1000,3.8021637203013507e-07,9.64307350868085e-08,2.814507252013219e-07,3.2274096755693237e-07,3.609649638495637e-07,4.119112877135944e-07,5.308442971905356e-07
Sc2s,Particulate matter,disease incidence,1000,3.8356535556513437e-07,4.576437592807544e-08,3.289070757540745e-07,3.5302258309048077e-07,3.754625312041549e-07,4.0387703116633034e-07,4.6581637474613947e-07
Sc2s,Photochemical ozone formation (human health),kg NMVOC eq,1000,0.02337392588187847,0.001668813831830908,0.0210834431902459,0.022213982328423976,0.02319048464543705,0.024251784395157888,0.026505688817059
Sc2s,Resource use fossils,MJ (net calorific),1000,61.71673826563478,2.6250462821063576,57.762454166353976,59.77764461818361,61.62858508711375,63.3622255538567,66.28588171137677
Sc2s,Resource use minerals and metals,kg Sb eq,1000,0.0018731763219131537,1.2686710873091005e-05,0.0018522335564368892,0.0018641743260011101,0.001872923407593007,0.0018817300764280996,0.0018937583606596824
Sc2s,Water use,m3 world eq,1000,-7.583849828042596,318.00293309249895,-562.4424043310115,-206.890898214638,31.378043989010393,218.655727387237,452.29649931101903
Sc3g,Acidification,mol H+ eq,1000,0.6432432070384959,0.05673699866827426,0.5632011501640174,0.6011135697100124,0.6366138018324266,0.6796893447101848,0.7432924333631384
Sc3g,Climate change,kg CO2 eq,1000,94.54656806105316,18.864009537490432,69.40450015297003,79.80658000674198,91.28023900440046,106.9960959454473,129.38934310577224
Sc3g,Climate change (biogenic),kg CO2 eq,1000,0.29242187367667316,0.07826615572883053,0.19025942904072116,0.23281240374096118,0.27961365671238003,0.33776512481157667,0.43314571366525395
Sc3g,Climate change (fossil),kg CO2 eq,1000,93.97660334902272,18.74629618985595,68.97369185786877,79.3279097681604,90.7027632169561,106.37683580331472,128.61376305824254
Sc3g,Climate change (land use),kg CO2 eq,1000,0.27754283835377663,0.0902835200226041,0.14477754650279828,0.21425552279913737,0.26925853139437916,0.32937096127122234,0.4355821703054018
Sc3g,Ecotoxicity freshwater,CTUe,1000,1538.0324297933373,217.2587674998758,1228.4137484654905,1381.1632004386968,1524.6233562166503,1663.9807938092788,1916.8588498237812
Sc3g,Ecotoxicity freshwater (inorganics),CTUe,1000,1517.2035921056909,216.51922095292466,1208.7062623249747,1360.9443837292208,1503.115085764351,1642.4337066000685,1888.098629622898
Sc3g,Ecotoxicity freshwater (organics),CTUe,1000,20.82883768764651,4.245667196128867,15.427558771656816,17.974328960238,20.157288437463418,22.875698598915346,28.394683901086587
Sc3g,Eutrophication freshwater,kg P eq,1000,0.146909950371635,0.06598752490497999,0.07950438201372569,0.1026903073539782,0.1297929863347696,0.168613699955327,0.28056424655016043
Sc3g,Eutrophication marine,kg N eq,1000,0.1124779164193265,0.01662096926906423,0.09024689929247863,0.10002995605587486,0.11013056245062955,0.12321014065250455,0.1410614517701878
Sc3g,Eutrophication terrestrial,mol N eq,1000,1.0820711756524137,0.1318388090852217,0.8918363733809418,0.9885792819673582,1.0664685168538566,1.160298024873275,1.3104250870405352
Sc3g,Human toxicity cancer,CTUh,1000,1.0840333836698625e-07,1.2846707844126807e-06,-1.9168929123333256e-06,-6.53842024719976e-07,1.0430920496160472e-07,9.418754522159423e-07,2.154959435175449e-06
Sc3g,Human toxicity cancer (inorganics),CTUh,1000,9.224485506187549e-08,1.2847522917174126e-06,-1.936989113868544e-06,-6.694466375795594e-07,8.886157123335969e-08,9.251874310993852e-07,2.1380244525304848e-06
Sc3g,Human toxicity cancer (organics),CTUh,1000,1.6158483305110774e-08,2.4249969047652635e-09,1.2804640801706256e-08,1.4466480360173002e-08,1.5895945427389543e-08,1.7534345261300275e-08,2.0415602220285133e-08
Sc3g,Human toxicity non-cancer,CTUh,1000,7.3436349562404486e-06,0.00015221301950971714,-0.0002299540691711432,-8.23184421808053e-05,8.083527394209783e-06,0.00010585868016256404,0.00025217167244433316
Sc3g,Human toxicity non-cancer (inorganics),CTUh,1000,7.286297607174355e-06,0.00015221327403725263,-0.00023003129695669397,-8.237835158488374e-05,8.022975707172216e-06,0.00010580263173983337,0.00025209637613539485
Sc3g,Human toxicity non-cancer (organics),CTUh,1000,5.733734776744654e-08,6.17331538889246e-09,4.870611404533392e-08,5.287028051247989e-08,5.6530409492449066e-08,6.129759049353944e-08,6.832556972634671e-08
Sc3g,Ionising radiation (human health),kBq U235 eq,1000,14.973017247026377,15.288927545657717,4.841175068685819,6.980611727474571,9.975926710959328,16.522963052231596,40.276656146707495
Sc3g,Land use,dimensionless (pt),1000,468.9044761437344,240.25751367390183,67.73642099569132,340.18545784777876,471.1732638855487,603.3360262919783,869.3810854641825
Sc3g,Ozone depletion,kg CFC11 eq,1000,7.108224977730737e-06,1.2895940505428705e-06,5.325890084120714e-06,6.134039193937586e-06,6.936087778509021e-06,7.938922007235857e-06,9.414033691126029e-06
Sc3g,Particulate matter,disease incidence,1000,3.196644076337699e-06,6.785538088434674e-07,2.449237964574656e-06,2.7710035907385013e-06,3.0511097550992767e-06,3.4349279919845626e-06,4.390573711857913e-06
Sc3g,Photochemical ozone formation (human health),kg NMVOC eq,1000,0.29329749950290984,0.032264172360475456,0.24701017628957964,0.27035510304037214,0.2902663853926638,0.31497395557512253,0.350081767652461
Sc3g,Resource use fossils,MJ (net calorific),1000,1324.9746806448466,273.46460952315675,965.4351871613499,1108.2374451936,1282.2047427838875,1507.1953995393606,1822.0960924448214
Sc3g,Resource use minerals and metals,kg Sb eq,1000,0.01895645428662593,0.0010129391558392439,0.01732177553310837,0.018252992041758197,0.018918224520473002,0.019620075796375435,0.02067678981243104
Sc3g,Water use,m3 world eq,1000,-38.906090938794094,1608.2054236295673,-2881.0169304812975,-954.5923794893542,55.84856569427211,997.8559170078297,2378.9679730718817
Sc3s,Acidification,mol H+ eq,1000,0.11764893494418342,0.004508651692238448,0.11059940445916842,0.11453534976511136,0.11735013885933654,0.12059665632883843,0.12526627354612557
Sc3s,Climate change,kg CO2 eq,1000,8.423507608689155,0.26256567136775266,8.012901410404123,8.244406674772181,8.415402584418402,8.603833777060695,8.889129624838796
Sc3s,Climate change (biogenic),kg CO2 eq,1000,0.026106120764799505,0.0015200700602922093,0.023789129865277855,0.02503746842976446,0.025998126977621352,0.02698253973120486,0.028924085184373553
Sc3s,Climate change (fossil),kg CO2 eq,1000,8.323041151372822,0.25948721786845186,7.913619428789862,8.142550874872779,8.315518216639262,8.500795956439523,8.773828584204987
Sc3s,Climate change (land use),kg CO2 eq,1000,0.07436033655153455,0.009319799630277573,0.05877497317554002,0.06807669650208846,0.07409393619383627,0.08083618954401725,0.08959529751927886
Sc3s,Ecotoxicity freshwater,CTUe,1000,413.4679643229221,65.50891309909677,325.60183817529787,369.0985022332166,404.67327025597933,447.52588591375087,527.7973784022262
Sc3s,Ecotoxicity freshwater (inorganics),CTUe,1000,410.33742784749154,65.49515265870431,321.94891423759816,366.1673181228504,401.6901779247903,444.29748414300207,524.4674283267968
Sc3s,Ecotoxicity freshwater (organics),CTUe,1000,3.1305364754307274,0.5680262946511273,2.4479782353774704,2.7273145922884856,3.030823451083428,3.388958871658561,4.197759163598097
Sc3s,Eutrophication freshwater,kg P eq,1000,0.01904098777518259,0.002954160541118093,0.01480271145510026,0.017025005446752336,0.018690348436336098,0.02068595539897254,0.02427492144897901
Sc3s,Eutrophication marine,kg N eq,1000,0.017330358971067925,0.0016004738586823794,0.014938808201815193,0.016199528870836515,0.01716583721964212,0.01834887039196808,0.020046077794449207
Sc3s,Eutrophication terrestrial,mol N eq,1000,0.2003161004852062,0.018573283391825287,0.17299171501789506,0.1872923544325505,0.1982077743555256,0.21240980283357663,0.23099645706404295
Sc3s,Human toxicity cancer,CTUh,1000,2.7930009700966244e-08,2.6819600976306875e-07,-4.0999689571700715e-07,-1.6033367637470705e-07,3.100327790244145e-08,2.0874800459463002e-07,4.732639646494478e-07
Sc3s,Human toxicity cancer (inorganics),CTUh,1000,2.3187403269720106e-08,2.681692260697304e-07,-4.1471623828925186e-07,-1.6597350647610182e-07,2.5861554367557256e-08,2.0392839113546586e-07,4.698428806479723e-07
Sc3s,Human toxicity cancer (organics),CTUh,1000,4.742606431246139e-09,1.0958757902126626e-09,3.329687345156105e-09,3.943286549072411e-09,4.533292309736588e-09,5.354963619590162e-09,6.659578449187349e-09
Sc3s,Human toxicity non-cancer,CTUh,1000,1.9412894129520444e-06,3.172536908045493e-05,-4.956834587160501e-05,-2.0728723256896724e-05,2.0533835242956734e-06,2.3419480611968077e-05,5.504610196913611e-05
Sc3s,Human toxicity non-cancer (inorganics),CTUh,1000,1.9194447097057496e-06,3.172536472214907e-05,-4.9589376202292844e-05,-2.0750827076054138e-05,2.0320201895299153e-06,2.3396374308444067e-05,5.502435960228394e-05
Sc3s,Human toxicity non-cancer (organics),CTUh,1000,2.1844703061894967e-08,8.238521003682895e-10,2.0640494953459113e-08,2.1257612937704816e-08,2.1801433551452826e-08,2.2304007391769624e-08,2.323717512204143e-08
Sc3s,Ionising radiation (human health),kBq U235 eq,1000,1.1760175166725442,1.3223301299110448,0.49399182523352486,0.6507122567705976,0.8373990889809653,1.2352621820992133,2.79208788957121
Sc3s,Land use,dimensionless (pt),1000,61.39319892433115,80.65864947469764,-69.31473666554788,19.6466184748255,58.16894909817785,104.03571802606871,182.21983026352143
Sc3s,Ozone depletion,kg CFC11 eq,1000,6.761485867082149e-07,1.3786410985055782e-07,5.138681391041697e-07,5.839543449131268e-07,6.536026316427929e-07,7.283730324131974e-07,9.290650255037749e-07
Sc3s,Particulate matter,disease incidence,1000,6.71912228412535e-07,1.0186772812760913e-07,5.524400883697444e-07,6.028949127300445e-07,6.540459957810264e-07,7.150151277832444e-07,8.584495921807674e-07
Sc3s,Photochemical ozone formation (human health),kg NMVOC eq,1000,0.051416672863178484,0.004238813436233925,0.045071832385220334,0.04843539146314543,0.05103733461135384,0.053990629103621846,0.05857587620652527
Sc3s,Resource use fossils,MJ (net calorific),1000,113.36182123611277,4.2352277805312415,106.62601773645814,110.49254087438142,113.2557049859046,115.97408863618125,120.4582712295436
Sc3s,Resource use minerals and metals,kg Sb eq,1000,0.0059528262461330285,9.553921401702587e-05,0.005784284702718152,0.005881870810579547,0.005965759608615987,0.006026876391836128,0.00609149424569174
Sc3s,Water use,m3 world eq,1000,26.49697651022815,366.1526406628287,-561.7939512447468,-196.6025920777721,66.09522500619846,279.20791866051604,569.2077439175536
Sc4g,Acidification,mol H+ eq,1000,0.641233608595921,0.05437929858016139,0.5610621090662905,0.6002104364481553,0.6345444688549642,0.6758184238392573,0.742280142836415
Sc4g,Climate change,kg CO2 eq,1000,93.49453276784202,17.60741836643213,69.94081646917122,79.43299784634885,91.13677951400625,104.62169477921998,126.65726072938149
Sc4g,Climate change (biogenic),kg CO2 eq,1000,0.2859105269653337,0.07087338277338197,0.19416390367402112,0.23181399186311907,0.2752781896446248,0.327955575792657,0.4134932552685513
Sc4g,Climate change (fossil),kg CO2 eq,1000,92.93137705984329,17.495114962403058,69.45531092297188,78.95916003523162,90.6367446129336,104.04416926807042,125.66615610885313
Sc4g,Climate change (land use),kg CO2 eq,1000,0.2772451810333999,0.09281120123316852,0.1418407499426002,0.21579346237243502,0.2666217144562637,0.3296468243251438,0.44707477483671904
Sc4g,Ecotoxicity freshwater,CTUe,1000,1537.4833080224955,219.4475245101848,1226.9511711923026,1381.0146025533631,1508.4690547654445,1659.675272048656,1934.6363982096098
Sc4g,Ecotoxicity freshwater (inorganics),CTUe,1000,1516.9478962511514,218.88446996384246,1206.670878246764,1360.589165583003,1486.3364502781733,1638.3387805008765,1911.2784568087995
Sc4g,Ecotoxicity freshwater (organics),CTUe,1000,20.535411771344407,3.796234869238292,15.389818075814622,17.97720915253401,19.93244901224497,22.4479465266217,27.37318115918702
Sc4g,Eutrophication freshwater,kg P eq,1000,0.1428239937833764,0.06413867047700164,0.07652215341986732,0.09977830167465768,0.12605080373784622,0.16378005749222552,0.2711428510540321
Sc4g,Eutrophication marine,kg N eq,1000,0.11164040623634919,0.015838575544816467,0.08966363408665472,0.09963426191687477,0.1094207412242609,0.12120072395760141,0.14153854415431283
Sc4g,Eutrophication terrestrial,mol N eq,1000,1.0770806532168435,0.12853619570316546,0.8928876681283137,0.9821437689472056,1.060634449730935,1.1522135609260127,1.3150129185807122
Sc4g,Human toxicity cancer,CTUh,1000,8.966645943825462e-08,1.2926077669055408e-06,-2.0732923272231796e-06,-7.678691380615007e-07,4.6823344354564986e-08,9.185561446150629e-07,2.1023593985452574e-06
Sc4g,Human toxicity cancer (inorganics),CTUh,1000,7.355238442228077e-08,1.2926753502921993e-06,-2.090523902949351e-06,-7.823458603653416e-07,3.2201820245996786e-08,9.010783127199016e-07,2.088459529731163e-06
Sc4g,Human toxicity cancer (organics),CTUh,1000,1.611407501597387e-08,2.5713673858578415e-09,1.2599020923365833e-08,1.4297617562405045e-08,1.587488316394169e-08,1.749735528419785e-08,2.0517315588680462e-08
Sc4g,Human toxicity non-cancer,CTUh,1000,5.164471514753425e-06,0.00015292053368412624,-0.00025218671333859517,-9.515565065012326e-05,5.187635836910844e-07,0.00010487003995468704,0.0002431856446632575
Sc4g,Human toxicity non-cancer (inorganics),CTUh,1000,5.107355668937338e-06,0.00015292053322247937,-0.00025224461972278084,-9.520981828388777e-05,4.68274117366477e-07,0.00010481200499253678,0.00024312899415570118
Sc4g,Human toxicity non-cancer (organics),CTUh,1000,5.711584449235157e-08,6.1015257604769605e-09,4.850839096587612e-08,5.2408713208869074e-08,5.635729395698519e-08,6.099780196530731e-08,6.855548886154188e-08
Sc4g,Ionising radiation (human health),kBq U235 eq,1000,15.423844367002687,18.180609078678362,4.733459793288483,7.116030272138143,10.236076443769642,16.907376387076493,42.69023783576595
Sc4g,Land use,dimensionless (pt),1000,461.2656764179622,251.34421229947915,94.36962134905261,325.04469017130634,453.2601650453959,586.1371321490144,859.6222817031276
Sc4g,Ozone depletion,kg CFC11 eq,1000,7.099372671178882e-06,1.313713627503464e-06,5.247023715151522e-06,6.111872099903072e-06,6.896505454436935e-06,7.944627674542198e-06,9.54808962921125e-06
Sc4g,Particulate matter,disease incidence,1000,3.217470590352545e-06,6.552078909815644e-07,2.474923169999767e-06,2.7785380180716406e-06,3.092277057529482e-06,3.4953723156028597e-06,4.480352371072119e-06
Sc4g,Photochemical ozone formation (human health),kg NMVOC eq,1000,0.2923238485375131,0.03152383180815211,0.24776279005778715,0.2693651780651266,0.2886697246168331,0.3105794118536739,0.35281769554791015
Sc4g,Resource use fossils,MJ (net calorific),1000,1308.8625022398116,255.20691367472935,972.3930075557408,1106.9274094257087,1278.7671084684143,1470.9088712925077,1791.0056800809957
Sc4g,Resource use minerals and metals,kg Sb eq,1000,0.01898757502533364,0.0009922162336300118,0.01741502535484318,0.01829482112551054,0.01895780084619163,0.01963941839915055,0.020694867840367472
Sc4g,Water use,m3 world eq,1000,84.3401929957442,1522.3854970193731,-2564.2943500853407,-805.7495019773751,145.9494455605527,1109.05669379758,2348.18684138973
Sc4s,Acidification,mol H+ eq,1000,0.17213027415643495,0.008900901266451195,0.15849221488497414,0.16591486476428458,0.17155932628074483,0.17812722247980484,0.18694308532864395
Sc4s,Climate change,kg CO2 eq,1000,15.845769110094437,0.9853091460856235,14.322647345394259,15.192381573793643,15.826670528609506,16.46716997878589,17.499691248047963
Sc4s,Climate change (biogenic),kg CO2 eq,1000,0.04036628451603725,0.002683772840648334,0.03617892581383159,0.0384335721897764,0.04014161175955565,0.04213060286327058,0.044904948332400885
Sc4s,Climate change (fossil),kg CO2 eq,1000,15.718369320508225,0.9815944986067134,14.199945527111579,15.059581762822328,15.692367895792614,16.327436569918483,17.367896703918028
Sc4s,Climate change (land use),kg CO2 eq,1000,0.08703350507017406,0.015019694397618114,0.06128931295897089,0.07693349071281053,0.08714517952811943,0.09645902649862359,0.11216909476895769
Sc4s,Ecotoxicity freshwater,CTUe,1000,629.8591815407422,99.92285359547651,488.1294343604893,557.5443035199917,618.5196886171445,687.7069083704494,814.3933523737331
Sc4s,Ecotoxicity freshwater (inorganics),CTUe,1000,624.4090608712963,99.87101065387957,483.010601538051,552.0145330756086,613.4302446953818,682.5647481357894,808.1434592074191
Sc4s,Ecotoxicity freshwater (organics),CTUe,1000,5.450120669445964,0.8939010808330139,4.306024940971726,4.856364567071715,5.316763819726187,5.903798798055885,6.946859215331286
Sc4s,Eutrophication freshwater,kg P eq,1000,0.03005662231732764,0.0053314129713009795,0.022910705038526942,0.026139543117055672,0.029189480883265943,0.033334494370034606,0.03971456235604133
Sc4s,Eutrophication marine,kg N eq,1000,0.02855093125342495,0.0027909071925015278,0.024373221913107677,0.026625905085662455,0.0283304598971071,0.03024100926843245,0.03321674867925401
Sc4s,Eutrophication terrestrial,mol N eq,1000,0.3232616322819295,0.03203769492317929,0.2767050443522648,0.3002638008576923,0.3213696816451007,0.34222737243645307,0.3756076517780082
Sc4s,Human toxicity cancer,CTUh,1000,3.2454770723714514e-08,3.1291801790132827e-07,-5.074063207575275e-07,-1.642413487657492e-07,3.9354174103282055e-08,2.491679069587598e-07,5.428910788618235e-07
Sc4s,Human toxicity cancer (inorganics),CTUh,1000,2.7039792476830096e-08,3.12953031633978e-07,-5.13651247832326e-07,-1.6907208417840997e-07,3.416446185717244e-08,2.446009788472276e-07,5.379635763224825e-07
Sc4s,Human toxicity cancer (organics),CTUh,1000,5.414978246884422e-09,1.1181429341643614e-09,3.99585755367926e-09,4.647339017682849e-09,5.2185992964651784e-09,5.964485330397179e-09,7.4420909268360425e-09
Sc4s,Human toxicity non-cancer,CTUh,1000,2.095628013697297e-06,3.7023054978602306e-05,-6.228291908827159e-05,-2.0888669731428428e-05,3.2386402025512945e-06,2.73018149568694e-05,6.196087868793743e-05
Sc4s,Human toxicity non-cancer (inorganics),CTUh,1000,2.0687976603157328e-06,3.702306117591035e-05,-6.23088630041595e-05,-2.0917051585335555e-05,3.2110178337506466e-06,2.727576284151492e-05,6.193367987116909e-05
Sc4s,Human toxicity non-cancer (organics),CTUh,1000,2.683035294175941e-08,1.15431922543834e-09,2.5065224799216447e-08,2.605847649342524e-08,2.673474926719412e-08,2.7510564025866282e-08,2.8819112565844992e-08
Sc4s,Ionising radiation (human health),kBq U235 eq,1000,2.0491165775063305,1.6290830554842666,0.8980142341483102,1.1926312982502958,1.5459753800003835,2.248352844982427,4.8070976724068695
Sc4s,Land use,dimensionless (pt),1000,99.40569411259905,126.06208072997794,-90.0962211178826,31.990448152135667,99.40293555713629,167.90733661302255,289.8551399484416
Sc4s,Ozone depletion,kg CFC11 eq,1000,1.4048667110567744e-06,2.4863922104526297e-07,1.0891288755390449e-06,1.2394892980295103e-06,1.368268858985467e-06,1.5169284021938585e-06,1.8356004610622513e-06
Sc4s,Particulate matter,disease incidence,1000,1.0584726997499802e-06,1.9960808469556573e-07,8.337497401500689e-07,9.205626508021741e-07,1.0184947223841682e-06,1.1444583800216311e-06,1.435892754220305e-06
Sc4s,Photochemical ozone formation (human health),kg NMVOC eq,1000,0.0841774883510353,0.007446908542087876,0.07336502456121,0.07886268349475556,0.0835011820158422,0.08886406308222063,0.09677188611333554
Sc4s,Resource use fossils,MJ (net calorific),1000,212.16140690758624,13.606603804215792,191.18482326007936,202.31385017233765,212.18532986489328,221.13422143097893,234.4424658800754
Sc4s,Resource use minerals and metals,kg Sb eq,1000,0.008896530824768968,0.00042590787971379817,0.008270797765386003,0.008589150713166216,0.00887003867830627,0.009183240376696522,0.009654451643809552
Sc4s,Water use,m3 world eq,1000,7.799868999574885,419.4181807657184,-681.7810427617319,-250.460002281146,20.670950631465075,307.33027757712784,676.1654824727074
